case_id,inlet,outlet,reflection_coefficient,nx,tfinal,elapsed_s,steps,min_area,max_abs_u,pressure_min,pressure_max,status,error_message
boundary-waveform-rt0p0,flow-waveform,reflection-coefficient,0.0,200,0.02,0.303043208,2000,0.011658504512735325,9.40400668413758,-3291.0836688377876,5645.464024202879,ok,
boundary-waveform-rt0p25,flow-waveform,reflection-coefficient,0.25,200,0.02,0.304889459,2000,0.011649475613975266,10.41698681971073,-2916.2075398997777,5866.499286274124,ok,
boundary-waveform-rt0p5,flow-waveform,reflection-coefficient,0.5,200,0.02,0.303727584,2000,0.011638811041094509,11.572086230622263,-4046.7106074761246,6179.2424957845005,ok,
