case_id,case_label,severity,profile,section_count,mean_abs_error_cm_s,max_abs_error_cm_s,mean_relative_error,max_relative_error,status,elapsed_s,error_message
resolved3d-parabolic,77,23.0,parabolic,200,7.0914124559041225,20.85292282354037,0.43380229091086453,1.220342528939535,ok,94.940027541,
resolved3d-parabolic,60,40.0,parabolic,200,8.606067874373606,38.99815117237111,0.47377345413101724,1.7382398580484357,ok,94.940027541,
resolved3d-power-g-9,77,23.0,power,200,22.349456493225322,44.71445703595431,1.3410217739134478,2.616753250427577,ok,95.210394041,
resolved3d-power-g-9,60,40.0,power,200,25.31559685853626,78.5026444926281,1.4054135714085663,3.522419841766543,ok,95.210394041,
