severity,nx,dx,mass_flux_rusanov_max_abs,mass_flux_rusanov_z_cm,elastic_flux_difference_max_abs,elastic_flux_difference_z_cm,wall_geometry_source_max_abs,wall_geometry_source_z_cm,total_flow_residual_max_abs,total_flow_residual_z_cm,total_area_residual_max_abs,status,error_message
23.0,100,0.06,4.23574385065455,2.07,72661.83023179641,2.13,68131.61955835443,2.13,4544.50166534802,2.07,4.23574385065455,ok,
23.0,200,0.03,1.919423209739068,2.1149999999999998,71111.42024476164,2.145,68007.1652070136,2.145,3104.2550377480366,2.145,1.919423209739068,ok,
23.0,400,0.015,0.6899804023232314,2.1225,69076.94302974221,2.1374999999999997,68446.6610430991,2.1374999999999997,630.2819866431091,2.1374999999999997,0.6899804023232314,ok,
23.0,800,0.0075,0.18915121576458782,2.13375,68493.82668128044,2.14125,68386.15130876709,2.13375,175.65898553613806,2.14125,0.18915121576458782,ok,
40.0,100,0.06,7.102665926706836,2.01,112591.06020346897,2.13,104026.68797667233,2.13,8564.372226796637,2.13,7.102665926706836,ok,
40.0,200,0.03,2.962190701675408,2.025,104148.52295358045,2.145,102544.78190395913,2.1149999999999998,3816.6621772403014,2.145,2.962190701675408,ok,
40.0,400,0.015,1.2344358256460444,2.1225,104335.12091221771,2.1225,103976.9360452327,2.1225,1437.2379632242373,2.1374999999999997,1.2344358256460444,ok,
40.0,800,0.0075,0.3224749398980503,2.1262499999999998,104272.17706733354,2.1262499999999998,104171.10918276108,2.1262499999999998,236.69921476132004,2.13375,0.3224749398980503,ok,
