{
  "speed_cm_s": {
    "min": 12.884763296514114,
    "max": 68.86151685409348
  },
  "velocity_components_cm_s": {
    "ux": {
      "min": -0.42142930554537944,
      "max": 0.010443499063037081
    },
    "uy": {
      "min": -0.14719657424051433,
      "max": 0.280733957638793
    },
    "uz": {
      "min": 12.88476329650502,
      "max": 68.86029040102483
    }
  },
  "pressure_dyn_cm2": {
    "min": 846.4734372551243,
    "max": 929.9993991397888
  },
  "displacement_magnitude_cm": {
    "min": 0.0006997125625474716,
    "max": 0.0039015065510677976
  }
}
