{
  "speed_cm_s": {
    "min": 14.459901482341737,
    "max": 77.64816917088649
  },
  "velocity_components_cm_s": {
    "ux": {
      "min": -0.34188598050797053,
      "max": 0.08788278320809631
    },
    "uy": {
      "min": -0.3903443985102307,
      "max": 0.04073899000481105
    },
    "uz": {
      "min": 14.459901482341426,
      "max": 77.64775372131746
    }
  },
  "pressure_dyn_cm2": {
    "min": 851.9994767773183,
    "max": 929.99946499061
  },
  "displacement_magnitude_cm": {
    "min": 0.000099414954398126,
    "max": 0.00881670151311268
  }
}
