validation_case,z_cm,shift_cm,area_cm2,expected_area_cm2,area_abs_error_cm2,flow_cm3_s,expected_flow_cm3_s,flow_abs_error_cm3_s,mean_velocity_cm_s,expected_mean_velocity_cm_s,mean_abs_error_cm_s,area_delta_cm2,flow_delta_cm3_s,mean_velocity_delta_cm_s,intersection_count,max_triangle_mean_error_cm_s,cut_status,status
constant,0.25,0.0,0.28125,0.28125,0.0,3.4453125,3.4453125,0.0,12.25,12.25,0.0,NaN,NaN,NaN,3,0.0,valid,pass
constant,0.5,0.0,0.125,0.125,0.0,1.5312500000000002,1.5312500000000002,0.0,12.250000000000002,12.250000000000002,0.0,NaN,NaN,NaN,3,0.0,valid,pass
constant,0.75,0.0,0.03125,0.03125,0.0,0.38281250000000006,0.38281250000000006,0.0,12.250000000000002,12.250000000000002,0.0,NaN,NaN,NaN,3,0.0,valid,pass
affine,0.25,0.0,0.28125,0.28125,0.0,1.6171875,1.6171875,0.0,5.75,5.75,0.0,NaN,NaN,NaN,3,8.881784197001252e-16,valid,pass
affine,0.5,0.0,0.125,0.125,0.0,0.8541666666666667,0.8541666666666667,0.0,6.833333333333334,6.833333333333334,0.0,NaN,NaN,NaN,3,8.881784197001252e-16,valid,pass
affine,0.75,0.0,0.03125,0.03125,0.0,0.24739583333333334,0.24739583333333337,2.7755575615628914e-17,7.916666666666667,7.916666666666668,8.881784197001252e-16,NaN,NaN,NaN,3,1.7763568394002505e-15,valid,pass
plane_shift,0.45,-0.05,0.15125000000000005,0.15125000000000005,0.0,1.0007708333333336,1.0007708333333336,0.0,6.616666666666666,6.616666666666666,0.0,0.02625000000000005,0.14660416666666687,-0.21666666666666767,3,8.881784197001252e-16,valid,pass
plane_shift,0.5,0.0,0.125,0.125,0.0,0.8541666666666667,0.8541666666666667,0.0,6.833333333333334,6.833333333333334,0.0,0.0,0.0,0.0,3,8.881784197001252e-16,valid,pass
plane_shift,0.55,0.05,0.10124999999999998,0.10124999999999998,0.0,0.7138124999999998,0.7138125,1.1102230246251565e-16,7.05,7.050000000000001,8.881784197001252e-16,-0.02375000000000002,-0.1403541666666669,0.2166666666666659,3,8.881784197001252e-16,valid,pass
