case_id,paper_severity_percent,imported_case,model,coordinate_mode,section_count,snapshot_time_s,paper_time_offset_s,max_velocity_abs_error_cm_s,mean_velocity_abs_error_cm_s,max_velocity_rel_error,mean_velocity_rel_error,max_pressure_abs_error_dyn_cm2,mean_pressure_abs_error_dyn_cm2,status
sev23,23.0,77,canic-extended-1d,deformed,200,0.9994999999999453,-0.0005000000000546789,2.402455987262414,0.46457933183811095,0.07392595538827239,0.01883979241088658,12892.838975381597,855.2755221264151,computed_paper_model_summary
sev23,23.0,77,classical-1d-no-slip,deformed,200,0.9994999999999453,-0.0005000000000546789,2.402607989730811,0.4645800579941293,0.0739306326551015,0.01883978627947824,12890.428701153507,855.3761461594645,computed_established_model_comparator
sev40,40.0,60,canic-extended-1d,deformed,200,0.9994999999999453,-0.0005000000000546789,10.617723890853405,0.9447567287503114,0.24898968503249758,0.030015800514995944,36531.91557452346,2325.6489721479434,computed_paper_model_summary
sev40,40.0,60,classical-1d-no-slip,deformed,200,0.9994999999999453,-0.0005000000000546789,10.618748460373027,0.9447654326069265,0.249013711579487,0.030015405327524013,36513.072264848335,2326.8219408743403,computed_established_model_comparator
sev50,50.0,50,canic-extended-1d,deformed,200,1.4994999999998904,0.49949999999989037,22.397749855034156,1.7709192275060308,0.40799342734000443,0.04524180138341226,61792.0574554505,4032.3509860001855,computed_paper_model_summary
sev50,50.0,50,classical-1d-no-slip,deformed,200,1.4994999999998904,0.49949999999989037,22.40083799042916,1.770937560240805,0.4080569375549235,0.04523974027324062,61737.61457946121,4036.3328351540026,computed_established_model_comparator
