{
  "speed_cm_s": {
    "min": 12.878468072809122,
    "max": 69.88831040280724
  },
  "velocity_components_cm_s": {
    "ux": {
      "min": -0.08788278320809617,
      "max": 0.34188598050797064
    },
    "uy": {
      "min": -0.3903443985102306,
      "max": 0.04073899000481113
    },
    "uz": {
      "min": 12.878468072746744,
      "max": 69.88784882463399
    }
  },
  "pressure_dyn_cm2": {
    "min": 843.5086758722338,
    "max": 929.9996780883441
  },
  "displacement_magnitude_cm": {
    "min": 0.0002010239394637532,
    "max": 0.007582775598766471
  }
}
