{
  "speed_cm_s": {
    "min": 14.104349862474113,
    "max": 52.99509858685475
  },
  "velocity_components_cm_s": {
    "ux": {
      "min": -0.010443499063037102,
      "max": 0.42142930554537944
    },
    "uy": {
      "min": -0.14719657424051416,
      "max": 0.2807339576387929
    },
    "uz": {
      "min": 14.104349824565412,
      "max": 52.993504931239684
    }
  },
  "pressure_dyn_cm2": {
    "min": 820.6537185114001,
    "max": 929.9997439391653
  },
  "displacement_magnitude_cm": {
    "min": 0.0005694776001206201,
    "max": 0.005435834108695284
  }
}
