{
  "speed_cm_s": {
    "min": 14.317344178796594,
    "max": 52.21443898450552
  },
  "velocity_components_cm_s": {
    "ux": {
      "min": -0.21278546630354864,
      "max": 0.21278546630354872
    },
    "uy": {
      "min": 0,
      "max": 0.43213605021428175
    },
    "uz": {
      "min": 14.31734378771734,
      "max": 52.21443898450552
    }
  },
  "pressure_dyn_cm2": {
    "min": 822.8350689074568,
    "max": 929.9995715394771
  },
  "displacement_magnitude_cm": {
    "min": 0.00004729603465467182,
    "max": 0.00943493106317012
  }
}
