case_id,case_label,severity,profile,operator,section_count,mean_abs_error_cm_s,l2_velocity_error_cm_s,max_abs_error_cm_s,mean_relative_error,relative_l1_velocity_error,max_relative_error,relative_l2_velocity_error,mean_flow_abs_error_cm3_s,flow_l2_error_cm3_s,max_flow_abs_error_cm3_s,min_intersection_count,area_valid_count,alpha_eff_min,alpha_eff_max,characteristic_radicand_min,status,elapsed_s,error_message
resolved3d-parabolic,77,23.0,parabolic,CrossSectionQuadratureOperator,200,0.5048985979866676,0.6636787651791939,2.3490217050851427,0.019913975332953693,0.02136295566323595,0.06969400520178624,0.027717086659873217,0.04821875438154501,0.05086306882460345,0.11935706471105201,876,200,1.3305769321951582,1.3333333333333333,814992.708243316,ok,93.190070667,
resolved3d-parabolic,60,40.0,parabolic,CrossSectionQuadratureOperator,200,0.9660268313214146,1.8683727006896316,9.922615467457959,0.03037429469973134,0.03785147070604429,0.23262126336173886,0.06880876553453635,0.0708695398183738,0.08927176916436912,0.3389272663805809,683,200,1.3249963922726904,1.3333333333333333,635675.1401302455,ok,93.190070667,
resolved3d-power-g-9,77,23.0,power,CrossSectionQuadratureOperator,200,15.737804315562084,16.036663962705482,25.87585054016506,0.6634897082642905,0.6658881945220105,0.7579152093099101,0.6697360652627798,1.5044935978160938,1.5046146219708707,1.5756752421660059,876,200,1.097243598861825,1.1,816008.8879992038,ok,95.606179042,
resolved3d-power-g-9,60,40.0,power,CrossSectionQuadratureOperator,200,17.618093987719547,19.418744574173118,47.242693965303324,0.6778481439178194,0.6903232362193267,1.0357715714442233,0.7151570143826942,1.525708121825417,1.526780030749513,1.7931487901154124,683,200,1.0916630589393572,1.1,635846.5835362753,ok,95.606179042,
